roles,preferred_role,industry,secondary_industries,years_of_experience,is_technical,education_level,tech_stack,strengths,weaknesses,idea_title,idea_description,problem_space,founder_id,age,gender,collaboration_openness_score,communication_intensity_score,responsiveness_score,risk_tolerance,leadership,autonomy,vision,communication,execution_speed
"[""CEO""]",CEO,Other,"[""Marketplaces""]",15,False,bachelor,"[""Jira"", ""Salesforce"", ""Tableau"", ""Excel""]","[""Strategic thinking"", ""Strong leadership"", ""Team-building""]","[""Impatient with slow processes"", ""Limited technical experience""]",Integrated Property Management & Services Platform,"Our platform aims to revolutionize residential and commercial property management by providing a centralized, AI-powered hub for owners, tenants, and service providers. It streamlines rental applications, maintenance requests, financial tracking, and communication. Furthermore, it incorporates a curated marketplace of vetted contractors and service professionals, simplifying vendor management and ensuring quality. The system uses predictive analytics to anticipate maintenance needs and optimize resource allocation, ultimately enhancing property value and tenant satisfaction.","The property management industry is fragmented, relies on outdated processes, and lacks a unified solution for efficient operations, tenant engagement, and reliable service procurement.",00b74e27ad1cbb2ded8e907fcc49eaaf,40,M,0.07859609819845048,0.05873446163767498,0.0522812205114323,4,5,4,5,4,4
"[""CEO"", ""CTO""]",CTO,Edtech,"[""Marketplaces""]",4,True,self-taught,"[""Python"", ""React"", ""PostgreSQL"", ""AWS""]","[""Ability to learn quickly"", ""Technical depth"", ""Scrappiness""]","[""Limited business experience"", ""Weak in hiring""]",Peer-to-Peer Learning & Project Collaboration Platform,"This platform aims to revolutionize supplementary education by connecting students with peers and mentors for project-based learning and skill acquisition. Users can create or join project groups, offering their expertise in subjects like coding, design, or writing, and gain practical experience. It provides a structured environment for collaborative learning, allowing students to build portfolios and receive feedback from a diverse community. The platform will also feature a marketplace for premium mentorship sessions and specialized project kits, fostering a dynamic learning ecosystem. This approach moves beyond traditional tutoring to foster hands-on, practical skill development relevant to future careers.","Traditional education often lacks practical, project-based learning and easy access to peer mentorship, leaving many students unprepared for real-world applications and collaborative work environments. There's a significant gap in platforms that truly facilitate skill-sharing and project collaboration among students outside formal institutions.",024610702baf540af5637873cd1534e9,19,M,0.2773784706016574,0.036848285840112675,0.12775448906440856,5,3,5,4,3,4
"[""CPO""]",CPO,Marketplaces,[],3,True,bachelor,"[""Figma"", ""React"", ""Firebase"", ""Webflow""]","[""User empathy"", ""Creativity and vision"", ""Ability to learn quickly""]","[""Limited business experience"", ""Struggles with prioritization""]",Local SkillSwap Hub,"A hyper-local peer-to-peer marketplace connecting college students and young adults with community members who need specific skills or services. Users can post gigs for anything from tutoring and tech support to pet sitting and local event assistance. The platform focuses on easy onboarding, transparent micro-payments, and building trusted local networks, creating flexible earning opportunities for students and convenient, affordable services for residents.","Many young people have valuable skills but struggle to find casual work or connect with local community members who need those specific services. Existing platforms are often too formal, have high fees, or lack a truly local focus.",0a5e3dd8489fe67485ddb7d6adb26ebd,21,M,0.03629028075961708,0.024107015149882085,0.14347453101228352,4,3,5,4,3,3
"[""CTO"", ""CEO""]",CTO,Edtech,"[""AI / Deeptech""]",3,True,self-taught,"[""Python"", ""React"", ""MongoDB"", ""TensorFlow""]","[""Technical depth"", ""Ability to learn quickly"", ""Scrappiness""]","[""Limited business experience"", ""Struggles with prioritization""]",AI-Powered Personalized Learning Coach,"Our platform leverages advanced AI and natural language processing to create a truly personalized learning experience for students from middle school through college. It acts as an adaptive tutor, identifying individual learning styles and knowledge gaps, then curating custom content and practice problems. The system provides real-time feedback and progress tracking, adapting to each student's pace and preferences. This aims to democratize access to high-quality, individualized education, making learning more engaging and effective than traditional methods.","Traditional education often fails to cater to individual learning needs, leading to disengagement and varied learning outcomes. There's a critical need for scalable, personalized learning tools.",048dd37565ad9cbc24c163ffedffbf58,21,M,0.022029310183888734,0.003984450396208044,0.0922433583164469,4,3,5,4,3,4
"[""CTO"", ""CPO""]",CTO,Healthtech,[],4,True,bachelor,"[""Python"", ""R"", ""AWS""]","[""Analytical problem-solving"", ""Technical depth"", ""Ability to learn quickly""]","[""Limited business experience"", ""Overly perfectionist""]",AI-Driven Personalized Preventative Health Platform,"Our platform leverages cutting-edge AI and machine learning techniques to analyze an individual's unique health data, including genomic information, wearable device metrics, and lifestyle choices. Based on this comprehensive research-backed analysis, it provides highly personalized recommendations for nutrition, exercise, and preventative care strategies. The goal is to move beyond generic wellness advice, offering actionable insights that empower users to proactively manage their health, predict potential risks, and optimize their well-being before issues arise.","Current health and wellness solutions are often generalized, failing to account for individual biological differences and complex lifestyle factors. This leads to ineffective interventions and a reactive approach to healthcare.",0eb998fdde77f9c123c07eace18a5cc1,21,M,0.13228994886793824,0.06421148509607444,0.2238288950417428,3,4,4,5,3,3
"[""CTO""]",CTO,Edtech,"[""SaaS""]",6,True,self-taught,"[""React"", ""Node.js"", ""MongoDB"", ""AWS""]","[""Technical depth"", ""Ability to learn quickly"", ""Scrappiness""]","[""Limited business experience"", ""Difficulty delegating""]",AdaptiveFlow: Personalized Learning AI,"AdaptiveFlow is an AI-powered personalized learning platform designed to revolutionize K-12 and higher education. It dynamically adjusts curriculum, content format, and pacing for each student based on their unique learning style, comprehension speed, and knowledge gaps. Through continuous assessment and feedback loops, the platform identifies areas where a student struggles and provides targeted resources, interactive exercises, and alternative explanations. The goal is to maximize engagement and ensure mastery of subjects, moving beyond traditional standardized methods.","The current educational system often fails to cater to diverse student learning styles and paces, leading to disengagement and suboptimal learning outcomes. There's a critical need for individualized educational experiences that adapt to each student's specific needs.",10a8c197447a3991d64136b315d6e87e,19,M,0.031654168870634845,0.010417506952197668,0.177019236605809,4,3,4,4,3,4
"[""CEO"", ""CPO""]",CEO,Healthtech,"[""Consumer / Social""]",15,False,bachelor,"[""Figma"", ""Slack"", ""Jira""]","[""User empathy"", ""Creativity and vision"", ""Strong leadership""]","[""Limited technical experience"", ""Weak in hiring""]",Personalized Mental Wellness Platform,"A mobile-first platform designed to provide personalized mental wellness journeys through AI-driven content, virtual coaching, and community support. Users receive tailored daily exercises, meditation guides, and journaling prompts based on their emotional state and long-term goals. The platform connects users with certified wellness coaches for one-on-one sessions, fostering a holistic approach to mental well-being. It aims to make high-quality mental health support accessible and affordable for a broader audience, bridging gaps in traditional care.","Access to quality mental health support is often expensive, fragmented, and lacks personalization, leaving many individuals without continuous, tailored care.",1a6bc90a124bed79741b441929c4d365,40,F,0.07909393571673046,0.020747454739820485,0.032585971714428265,4,5,4,5,4,4
"[""CTO""]",CTO,Consumer / Social,"[""AI / Deeptech""]",4,True,bachelor,"[""React Native"", ""Node.js"", ""AWS"", ""PostgreSQL"", ""Figma""]","[""Technical depth"", ""Fast execution"", ""Creativity and vision""]","[""Difficulty delegating"", ""Weak in hiring""]",Local Connect: Hyperlocal Social Discovery Platform,"Local Connect is a mobile-first social platform designed to help users discover and engage with local events, communities, and businesses in real-time. Leveraging AI, it personalizes recommendations based on user interests, location, and past interactions, fostering genuine offline connections. The app includes features for event hosting, group creation, and direct messaging, aiming to combat social isolation by making it easier to find and participate in local activities. It provides a dynamic map interface that highlights nearby opportunities, encouraging spontaneous participation and community building.","Many people struggle to find relevant local activities and make new connections beyond their immediate social circles, leading to missed opportunities and a sense of disconnection. Existing platforms are often too broad or lack real-time local specificity.",1c2f3d5f9d2ca312136fdf6e018a177d,25,M,0.013732018212555878,0.0063718216305708245,0.29662725487302977,4,3,4,4,3,4
"[""CPO"", ""CTO""]",CPO,Consumer / Social,"[""SaaS""]",5,True,self-taught,"[""Figma"", ""Webflow"", ""Bubble"", ""Firebase"", ""Notion""]","[""User empathy"", ""Creativity and vision"", ""Ability to learn quickly""]","[""Limited business experience"", ""Weak in sales""]",Kinship â€“ Intentional Community Builder,"Kinship is a mobile platform designed to help individuals discover and cultivate micro-communities based on shared niche interests, values, and life stages, moving beyond broad social networks. It emphasizes quality over quantity, using advanced matching algorithms and facilitated group activities to foster deeper, more meaningful connections. The platform provides intuitive tools for community leaders to organize events, share resources, and moderate discussions, ensuring a safe and engaging environment for members to thrive. Kinship aims to combat loneliness and foster a genuine sense of belonging in an increasingly disconnected world.","Many existing social platforms are superficial and fail to facilitate deep, meaningful connections, leading to widespread feelings of isolation and a lack of authentic belonging.",1e74b4cb4b126a8f34b2d9b1fda0a92f,21,F,0.05117354823319539,0.05270903536011898,0.11780326346545825,4,3,4,4,4,3
"[""CEO"", ""CPO""]",CPO,Edtech,[],2,True,self-taught,"[""React"", ""Firebase"", ""Figma""]","[""User empathy"", ""Ability to learn quickly"", ""Scrappiness""]","[""Limited business experience"", ""Difficulty delegating""]",Gamified Collaborative Learning Platform,"Our platform transforms passive online education into an interactive, game-like experience where students team up to tackle challenges and master subjects together. Leveraging modern web technologies, it allows for real-time collaboration on projects, peer-to-peer feedback, and a rewarding system for achieving learning milestones. The goal is to make learning not just effective, but genuinely engaging and social for Gen Z, integrating AI for personalized learning paths and adaptive content delivery. It fosters crucial soft skills like teamwork and critical thinking, which are often underdeveloped in traditional online settings.","Traditional online learning platforms often lack engaging, collaborative elements, leading to high dropout rates and a passive learning experience that fails to capture the attention of digitally native students.",2057ea510896a025db5790675c90b7d6,19,M,0.19583683375338373,0.12511775295390726,0.03813718090701584,4,3,4,5,3,4
"[""CTO"", ""CEO""]",CTO,Gaming / Entertainment,[],1,True,self-taught,"[""Unity"", ""C#"", ""Python"", ""Blender"", ""Git""]","[""Technical depth"", ""Creativity and vision"", ""Ability to learn quickly""]","[""Limited business experience"", ""Difficulty delegating""]",NexGen Indie Game Forge,"NexGen Indie Game Forge is a community-driven platform empowering independent game developers to collaboratively build, launch, and monetize their games. It provides integrated project management tools, a skill-matching system for finding collaborators, and innovative revenue-sharing models like dynamic NFT-based asset ownership and community-voted micro-financing. The platform aims to democratize game development and foster a thriving ecosystem where creativity is rewarded and barriers to entry are significantly lowered, allowing developers to focus purely on game creation.","Independent game developers struggle with discoverability, monetization, and finding reliable collaborators, often leading to project abandonment despite innovative ideas.",1f4873925d958cab973bc21385bc956e,18,M,0.015588537291141603,0.00533037598018248,0.22031314197101315,3,3,4,4,3,4
"[""CPO""]",CPO,Edtech,[],3,False,bachelor,"[""Figma"", ""Notion"", ""Webflow"", ""Google Analytics""]","[""User empathy"", ""Creativity and vision"", ""Ability to learn quickly""]","[""Limited business experience"", ""Limited technical experience""]",SkillForge AI,"SkillForge AI is an adaptive Edtech platform designed to hyper-personalize skill development for the modern workforce. It leverages AI to craft bespoke learning pathways, offering interactive modules, virtual coaching, and real-world project simulations. The platform connects learners with a community of industry mentors for personalized feedback and networking, ensuring that theoretical knowledge translates directly into practical, job-ready skills. This approach aims to make vocational and professional learning more engaging, effective, and directly relevant to current market demands.","Traditional education often lags behind industry needs, failing to provide personalized, engaging, and directly applicable skill development. Many individuals struggle to access affordable and effective pathways to acquire new skills necessary for career advancement or transitions.",2fa5e046d9413c4b0060b3c4db72365b,21,M,0.06823485484924857,0.023836316106886808,0.0616028109586777,3,3,4,4,4,4
"[""CTO"", ""CPO""]",CPO,Marketplaces,"[""SaaS""]",9,True,bachelor,"[""Node.js"", ""React"", ""AWS"", ""PostgreSQL""]","[""Product intuition"", ""User empathy"", ""Technical depth""]","[""Limited business experience"", ""Weak in sales""]",Hyperlocal Artisan Connect,"Hyperlocal Artisan Connect is a mobile-first marketplace platform designed to bridge the gap between local artisans and conscious consumers. It provides artisans with a robust e-commerce toolkit, including inventory management, secure payment processing, and localized delivery options, allowing them to expand their reach without significant overhead. For consumers, the platform offers a curated browsing experience, advanced search filters for product origins and sustainability practices, and direct messaging with creators, fostering a community around unique, handcrafted goods. The platform focuses on empowering local economies and promoting sustainable consumption patterns, making high-quality local products accessible to a broader audience.","Small-scale artisans struggle to reach a wider customer base beyond local fairs, while consumers seek unique, high-quality, locally-sourced products but lack an efficient discovery platform.",23dbb328ffd9e2fed0e012b922b7f6b2,24,M,0.0009127021168466141,0.0,1.0,4,4,5,4,4,3
"[""CTO""]",CTO,Marketplaces,"[""AI / Deeptech""]",4,True,self-taught,"[""Python"", ""React"", ""AWS"", ""PostgreSQL""]","[""Technical depth"", ""Ability to learn quickly"", ""Scrappiness""]","[""Limited business experience"", ""Difficulty delegating""]",Hyperlocal Skill Exchange Platform,"A platform connecting individuals offering unique, niche local services (e.g., bespoke baking, personalized tutoring, vintage electronics repair, local art commissions) with local users seeking those specific skills. It leverages AI for better matching and trust mechanisms, focusing on community building and empowering micro-entrepreneurs. The goal is to revitalize local economies by making specialized skills accessible and discoverable, moving beyond generic service listings to a curated, interest-driven local ecosystem.","Many people possess niche skills they struggle to monetize locally, while consumers face difficulty finding specific, high-quality local services outside of large, impersonal platforms.",2930549c4925f1271dea905177e00449,19,M,0.014904010703506642,0.0004632162254927547,0.5266436235345082,5,3,5,4,3,4
"[""CTO""]",CTO,Edtech,"[""AI / Deeptech""]",5,True,self-taught,"[""Python"", ""React"", ""Node.js"", ""Firebase""]","[""Ability to learn quickly"", ""Technical depth"", ""Scrappiness""]","[""Limited business experience"", ""Poor work-life balance""]",Adaptive Learning Assistant for STEM,"An AI-powered adaptive learning platform designed to revolutionize STEM education for high school and early college students. It uses machine learning to identify individual learning gaps and strengths, then generates personalized curriculum pathways and interactive exercises. The platform offers real-time feedback, gamified challenges, and peer collaboration tools to keep students engaged and motivated. By leveraging data analytics, it continuously optimizes the learning experience, ensuring each student receives targeted support. This approach aims to democratize access to high-quality, tailored education, making complex subjects more accessible and enjoyable.","Traditional education often fails to cater to individual student needs, leading to disengagement and knowledge gaps, especially in complex STEM subjects. Many students struggle with standardized curricula that don't adapt to their unique learning styles or pace.",270ce10926b5753f21f23d1233717384,18,M,0.013369011688810065,0.002370085360582197,0.28163761694660666,4,3,5,4,3,4
"[""CEO"", ""CPO""]",CPO,Other,"[""Marketplaces""]",6,False,bachelor,"[""Figma"", ""Amplitude"", ""Notion"", ""Webflow""]","[""User empathy"", ""Creativity and vision"", ""Product intuition""]","[""Limited technical experience"", ""Difficulty delegating""]",Hyper-local Community Network,"A hyper-local social network designed to genuinely connect neighbors and foster community engagement within specific geographical areas. Unlike existing platforms, it emphasizes interest-based groups, local event discovery, and skill-sharing rather than just news feeds. Users can effortlessly discover local businesses, organize block parties, find study groups, or exchange gardening tips with people living just blocks away. The platform utilizes proximity-based matching and moderated forums to ensure safe, relevant, and high-quality interactions. Our goal is to bring back the 'town square' feeling in a digital format, solving the isolation problem prevalent in modern communities.","Existing social platforms often create superficial connections and fail to foster meaningful engagement at the local, neighborhood level. Many people feel disconnected from their immediate communities, missing opportunities for local support, shared activities, and genuine neighborly interaction.",24b34e806295a8d845787297c1701a83,25,M,0.05359013451984609,0.21709069028030004,0.3052173644928739,4,4,3,5,4,3
"[""CEO"", ""CPO"", ""COO""]",CEO,Healthtech,"[""AI / Deeptech""]",6,False,phd,"[""Jira"", ""Power BI""]","[""User empathy"", ""Analytical problem-solving"", ""Strong leadership""]","[""Limited business experience"", ""Limited technical experience""]",AI-Enhanced Clinical Decision Support for Rare Diseases,"Our platform aims to leverage advanced AI and machine learning to assist physicians in the early and accurate diagnosis of rare diseases. By analyzing comprehensive patient data, including genetic markers, imaging, and electronic health records, the system provides real-time insights and differential diagnoses that often elude traditional methods. This solution empowers clinicians to make informed decisions faster, reducing diagnostic delays and improving patient outcomes in underserved rare disease communities. We focus on integrating seamlessly into existing clinical workflows to minimize disruption while maximizing impact.","The current diagnostic pathway for rare diseases is prolonged and inconsistent, often leading to significant delays in treatment and poorer patient prognoses due to lack of specialized knowledge and fragmented data across healthcare systems.",44ad386e4d315e8efc7dd2e6ddb0df15,36,M,0.07092110312496759,0.015476844950683287,0.25121546542775247,4,5,4,4,5,4
"[""CPO"", ""COO""]",CPO,Other,"[""Marketplaces""]",6,False,bachelor,"[""React"", ""Node.js"", ""AWS"", ""Figma""]","[""Product intuition"", ""User empathy"", ""Ability to learn quickly""]","[""Impatient with slow processes"", ""Struggles with prioritization""]",Local Flavor Connect,"Local Flavor Connect is a two-sided marketplace connecting independent food artisans and home chefs directly with local consumers seeking unique culinary experiences. The platform allows artisans to create profiles, showcase their specialty food items or pre-order meal kits, and manage orders and local deliveries. Consumers can discover new local flavors, place orders for pickup or curated delivery, and provide feedback, fostering a vibrant community around local gastronomy. The system optimizes production based on pre-orders to minimize food waste and maximize efficiency for small-scale producers while offering convenience to busy urbanites.","Local food producers struggle to reach a wider customer base beyond farmers' markets, while consumers seek unique, high-quality artisanal food options often unavailable in mainstream retail or traditional food delivery services.",380391c66f76c2f858d393314171b154,28,M,0.026001638715164338,0.004125448896065352,0.26913146932751986,4,4,5,4,4,4
"[""CPO"", ""COO""]",CPO,Other,"[""AI / Deeptech""]",2,True,self-taught,"[""Python"", ""TensorFlow"", ""React""]","[""Product intuition"", ""Ability to learn quickly"", ""Creativity and vision""]","[""Limited business experience"", ""Impatient with slow processes""]",AI-Powered Personalized Learning Path Navigator,"Our platform leverages AI to create adaptive learning paths tailored to individual student's learning styles, interests, and career aspirations. It analyzes academic performance and extracurricular activities to recommend relevant courses, projects, and skill development modules. The system also connects students with mentors and internship opportunities within their chosen fields, helping them navigate their educational journey and prepare for the future.","Many students struggle with finding personalized learning paths and identifying relevant skills for future careers, leading to disengagement and uncertainty about their educational journey.",41710353e1db856531fde70c26660a19,18,F,0.04946223176410799,0.029390617589246514,0.14564085948463404,4,3,4,4,3,5
"[""CPO"", ""CTO""]",CPO,Edtech,"[""AI / Deeptech""]",5,True,self-taught,"[""React"", ""Node.js"", ""MongoDB"", ""AWS"", ""Python""]","[""Ability to learn quickly"", ""Creativity and vision"", ""Scrappiness""]","[""Limited business experience"", ""Easily distracted by new ideas""]",Personalized Learning AI Companion,"Our platform develops an AI companion that adapts educational content and delivery methods to each student's unique cognitive profile and preferences. Utilizing advanced machine learning, it identifies strengths, weaknesses, and optimal learning pathways across subjects, providing real-time feedback and targeted resources. The goal is to create a highly engaging and effective learning environment, ensuring every student can achieve their full potential by making education truly personalized.","The current education system often fails to cater to individual learning styles and paces, leading to student disengagement and suboptimal academic outcomes across all age groups.",4245f5c0db08dd6d55acf3f7ca17b736,20,M,0.003526349087816464,0.0008722022587326992,0.7765147595959223,4,4,4,4,3,4
